﻿pos_x,pos_y,rotation,side,designator,mpn,pack,value,mount_type,place
16.1544,-80.3148,90.0,top,AR1,,R_Axial_DIN0207_L6.3mm_D2.5mm_P10.16mm_Horizontal,100R,tht,True
19.304,-80.3148,90.0,top,AR2,,R_Axial_DIN0207_L6.3mm_D2.5mm_P10.16mm_Horizontal,100R,tht,True
21.5088,-60.076,90.0,top,J1,,PinHeader_2x02_P2.54mm_Vertical,combine grounds,tht,True
4.5038,-13.0,0.0,top,J3,,CUI_SJ1-3525N,microphone (pink),tht,True
4.5038,-26.0,0.0,top,J4,,CUI_SJ1-3525N,line out (blue),tht,True
4.5038,-39.0,0.0,top,J5,,CUI_SJ1-3525N,speaker in (green),tht,True
4.5038,-52.0,0.0,top,J6,,CUI_SJ1-3525N,speaker out (black),tht,True
10.886331,-70.0404,-90.0,top,J7,,DSUB-9_Male_Horizontal_P2.77x2.84mm_EdgePinOffset7.70mm_Housed_MountingHolesOffset9.12mm,serial,tht,True
15.5844,-23.9318,0.0,top,W8,,PinHeader_2x10_P2.54mm_Horizontal,To plusdeck,tht,True
