﻿designator,quantity,value,pack,mpn,mount_type
"AR1, AR2",2,100R,R_Axial_DIN0207_L6.3mm_D2.5mm_P10.16mm_Horizontal,,tht
J1,1,combine grounds,PinHeader_2x02_P2.54mm_Vertical,,tht
J3,1,microphone (pink),CUI_SJ1-3525N,,tht
J4,1,line out (blue),CUI_SJ1-3525N,,tht
J5,1,speaker in (green),CUI_SJ1-3525N,,tht
J6,1,speaker out (black),CUI_SJ1-3525N,,tht
J7,1,serial,DSUB-9_Male_Horizontal_P2.77x2.84mm_EdgePinOffset7.70mm_Housed_MountingHolesOffset9.12mm,,tht
W8,1,To plusdeck,PinHeader_2x10_P2.54mm_Horizontal,,tht
